,Number,Year,Album,Artist,Type,Rating,Releases,Genre,Gen,Subgenre,Alb_url,Art_url
0,1,1971,What's Going On,Marvin Gaye,Album,4.65,38,r&b,r&b,,What%27s%20Going%20On,Marvin%20Gaye
1,2,1966,Pet Sounds,The Beach Boys,Album,4.45,47,rock,rock,,Pet%20Sounds,The%20Beach%20Boys
2,3,1971,Blue,Joni Mitchell,Album,4.45,18,folk,folk,,Blue,Joni%20Mitchell
3,4,1976,Songs in the Key of Life,Stevie Wonder,Album,4.55,24,soul,soul,,Songs%20in%20the%20Key%20of%20Life,Stevie%20Wonder
4,5,1969,Abbey Road,The Beatles,Album,4.7,54,rock,rock,,Abbey%20Road,The%20Beatles
5,6,1991,Nevermind,Nirvana,Album,4.45,68,grunge,grunge,,Nevermind,Nirvana
6,7,1977,Rumours,Fleetwood Mac,Album,4.6,59,pop,pop,,Rumours,Fleetwood%20Mac
7,8,1984,Purple Rain,Prince & The Revolution,Album + Soundtrack,4.25,36,rock,rock,,Purple%20Rain,Prince%20%26%20The%20Revolution
8,9,1975,Blood on the Tracks,Bob Dylan,Album,4.35,25,folk,folk,,Blood%20on%20the%20Tracks,Bob%20Dylan
9,10,1998,The Miseducation of Lauryn Hill,Lauryn Hill,Album,4.15,13,r&b,r&b,,The%20Miseducation%20of%20Lauryn%20Hill,Lauryn%20Hill
10,11,1966,Revolver,The Beatles,Album,4.65,39,rock,rock,,Revolver,The%20Beatles
11,12,1982,Thriller,Michael Jackson,Album,4.4,55,pop,pop,,Thriller,Michael%20Jackson
12,13,1967,I Never Loved a Man the Way I Love You,Aretha Franklin,Album,3.8,13,soul,soul,,I%20Never%20Loved%20a%20Man%20the%20Way%20I%20Love%20You,Aretha%20Franklin
13,14,1972,Exile on Main St.,The Rolling Stones,Album,4.6,45,rock,rock,,Exile%20on%20Main%20St%2e,The%20Rolling%20Stones
14,15,1988,It Takes a Nation of Millions to Hold Us Back,Public Enemy,Album,3.35,23,hip-hop,hip-hop,,It%20Takes%20a%20Nation%20of%20Millions%20to%20Hold%20Us%20Back,Public%20Enemy
15,16,1979,London Calling,The Clash,Album,4.25,35,punk,punk,,London%20Calling,The%20Clash
16,17,2010,My Beautiful Dark Twisted Fantasy,Kanye West,Album,4.5,16,hip-hop,hip-hop,,My%20Beautiful%20Dark%20Twisted%20Fantasy,Kanye%20West
17,18,1965,Highway 61 Revisited,Bob Dylan,Album,4.3,28,folk,folk,,Highway%2061%20Revisited,Bob%20Dylan
18,19,2015,To Pimp a Butterfly,Kendrick Lamar,Album,4.75,9,hip-hop,hip-hop,,To%20Pimp%20a%20Butterfly,Kendrick%20Lamar
19,20,2000,Kid A,Radiohead,Album,4.6,29,"rock , alternative",rock ,alternative,Kid%20A,Radiohead
20,21,1975,Born to Run,Bruce Springsteen,Album,4.4,53,rock,rock,,Born%20to%20Run,Bruce%20Springsteen
21,22,1994,Ready to Die,The Notorious B.I.G.,Album,4.25,11,hip-hop,hip-hop,,Ready%20to%20Die,The%20Notorious%20B%2eI%2eG%2e
22,23,1967,The Velvet Underground & Nico,The Velvet Underground,Album,4.6,33,"rock , experimental",rock ,experimental,The%20Velvet%20Underground%20%26%20Nico,The%20Velvet%20Underground
23,24,1967,Sgt. Pepper's Lonely Hearts Club Band,The Beatles,Album,4.55,60,rock,rock,,Sgt%2e%20Pepper%27s%20Lonely%20Hearts%20Club%20Band,The%20Beatles
24,25,1971,Tapestry,Carole King,Album,4.15,35,pop,pop,,Tapestry,Carole%20King
25,26,1975,Horses,Patti Smith,Album,4.3,20,"punk rock , alternative",punk rock ,alternative,Horses,Patti%20Smith
26,27,1993,Enter the Wu‐Tang (36 Chambers),Wu‐Tang Clan,Album,4.65,15,hip-hop,hip-hop,,Enter%20the%20Wu‐Tang%20(36%20Chambers),Wu‐Tang%20Clan
27,28,2000,Voodoo,D'Angelo,Album,4.5,9,r&b,r&b,,Voodoo,D%27Angelo
28,29,1968,The Beatles (“The White Album”),The Beatles,Album,4.4,50,rock,rock,,The%20Beatles%20(Remastered),The%20Beatles
29,30,1967,Are You Experienced,The Jimi Hendrix Experience,Album,4.0,44,rock,rock,,Are%20You%20Experienced,The%20Jimi%20Hendrix%20Experience
30,31,1959,Kind of Blue,Miles Davis,Album,4.5,52,jazz,jazz,,Kind%20of%20Blue,Miles%20Davis
31,32,2016,Lemonade,Beyoncé,Album,4.1,12,pop,pop,,Lemonade,Beyoncé
32,33,2006,Back to Black,Amy Winehouse,Album,4.1,32,"soul , r&b",soul ,r&b,Back%20to%20Black,Amy%20Winehouse
33,34,1973,Innervisions,Stevie Wonder,Album,5.0,31,soul,soul,,Innervisions,Stevie%20Wonder
34,35,1965,Rubber Soul,The Beatles,Album,4.45,44,rock,rock,,Rubber%20Soul,The%20Beatles
35,36,1979,Off the Wall,Michael Jackson,Album,4.25,35,pop,pop,,Off%20the%20Wall,Michael%20Jackson
36,37,1992,The Chronic,Dr. Dre,Album,4.1,26,hip-hop,hip-hop,,The%20Chronic,Dr%2e%20Dre
37,38,1966,Blonde on Blonde,Bob Dylan,Album,4.25,44,folk,folk,,Blonde%20on%20Blonde,Bob%20Dylan
38,39,1980,Remain in Light,Talking Heads,Album,4.4,27,"rock , alternative",rock ,alternative,Remain%20in%20Light,Talking%20Heads
39,40,1972,The Rise and Fall of Ziggy Stardust and the Spiders From Mars,David Bowie,Album,4.6,48,rock,rock,,The%20Rise%20and%20Fall%20of%20Ziggy%20Stardust%20and%20the%20Spiders%20From%20Mars,David%20Bowie
40,41,1969,Let It Bleed,The Rolling Stones,Album,4.5,31,rock,rock,,Let%20It%20Bleed,The%20Rolling%20Stones
41,42,1997,OK Computer,Radiohead,Album,4.65,35,"rock , alternative",rock ,alternative,OK%20Computer,Radiohead
42,43,1991,The Low End Theory,A Tribe Called Quest,Album,3.8,15,hip-hop,hip-hop,,The%20Low%20End%20Theory,A%20Tribe%20Called%20Quest
43,44,1994,Illmatic,Nas,Album,4.15,20,hip-hop,hip-hop,,Illmatic,Nas
44,45,1987,Sign “☮︎” the Times,Prince & The Revolution,Album,4.15,14,rock,rock,,Sign%20“☮︎”%20the%20Times,Prince%20%26%20The%20Revolution
45,46,1986,Graceland,Paul Simon,Album,4.6,41,folk,folk,,Graceland,Paul%20Simon
46,47,1976,Ramones,Ramones,Album,4.05,15,punk,punk,,Ramones,Ramones
47,48,1984,Legend: The Best of Bob Marley and The Wailers,Bob Marley & The Wailers,Album + Compilation,4.3,55,reggae,reggae,,Legend:%20The%20Best%20of%20Bob%20Marley%20and%20The%20Wailers,Bob%20Marley%20%26%20The%20Wailers
48,49,1998,Aquemini,OutKast,Album,4.15,13,hip-hop,hip-hop,,Aquemini,OutKast
49,50,2001,The Blueprint,Jay‐Z,Album,3.7,5,hip-hop,hip-hop,,The%20Blueprint,Jay‐Z
50,51,1982,The Great Twenty‐Eight,Chuck Berry,Album + Compilation,,4,blues,blues,,The%20Great%20Twenty‐Eight,Chuck%20Berry
51,52,1976,Station to Station,David Bowie,Album,4.1,26,rock,rock,,Station%20to%20Station,David%20Bowie
52,53,1968,Electric Ladyland,The Jimi Hendrix Experience,Album,3.85,48,rock,rock,,Electric%20Ladyland,The%20Jimi%20Hendrix%20Experience
53,54,1991,Star Time,James Brown,Album + Compilation,5.0,2,funk,funk,,Star%20Time,James%20Brown
54,55,1973,The Dark Side of the Moon,Pink Floyd,Album,4.8,86,rock,rock,,The%20Dark%20Side%20of%20the%20Moon,Pink%20Floyd
55,56,1993,Exile in Guyville,Liz Phair,Album,4.25,5,"rock, indie",rock,indie,Exile%20in%20Guyville,Liz%20Phair
56,57,1969,The Band (“The Brown Album”),The Band,Album,4.35,19,"rock, folk",rock,folk,The%20Band,The%20Band
57,58,1971,[Led Zeppelin IV],Led Zeppelin,Album,4.75,67,"rock, blues",rock,blues,[Led%20Zeppelin%20IV],Led%20Zeppelin
58,59,1972,Talking Book,Stevie Wonder,Album,5.0,19,soul,soul,,Talking%20Book,Stevie%20Wonder
59,60,1968,Astral Weeks,Van Morrison,Album,4.35,14,folk,folk,,Astral%20Weeks,Van%20Morrison
60,61,1987,Paid in Full,Eric B. & Rakim,Album,3.5,5,hip-hop,hip-hop,,Paid%20in%20Full,Eric%20B%2e%20%26%20Rakim
61,62,1987,Appetite for Destruction,Guns N' Roses,Album,4.45,54,rock,rock,,Appetite%20for%20Destruction,Guns%20N%27%20Roses
62,63,1977,Aja,Steely Dan,Album,4.2,34,fusion,fusion,,Aja,Steely%20Dan
63,64,2000,Stankonia,OutKast,Album,3.95,17,hip-hop,hip-hop,,Stankonia,OutKast
64,65,1963,"Live at the Apollo, 1962",James Brown,Album + Live,4.5,8,funk,funk,,"Live%20at%20the%20Apollo,%201962",James%20Brown
65,66,1965,A Love Supreme,John Coltrane,Album,4.7,30,jazz,jazz,,A%20Love%20Supreme,John%20Coltrane
66,67,1996,Reasonable Doubt,Jaÿ‐Z,Album,4.15,7,hip-hop,hip-hop,,Reasonable%20Doubt,Jaÿ‐Z
67,68,1985,Hounds of Love,Kate Bush,Album,3.85,26,pop,pop,,Hounds%20of%20Love,Kate%20Bush
68,69,1995,Jagged Little Pill,Alanis Morissette,Album,4.15,36,alternative,alternative,,Jagged%20Little%20Pill,Alanis%20Morissette
69,70,1988,Straight Outta Compton,N.W.A,Album,4.0,16,hip-hop,hip-hop,,Straight%20Outta%20Compton,N%2eW%2eA
70,71,1977,Exodus,Bob Marley & The Wailers,Album,4.75,34,reggae,reggae,,Exodus,Bob%20Marley%20%26%20The%20Wailers
71,72,1972,Harvest,Neil Young,Album,4.6,20,folk,folk,,Harvest,Neil%20Young
72,73,1991,Loveless,My Bloody Valentine,Album,4.55,18,alternative,alternative,,Loveless,My%20Bloody%20Valentine
73,74,2003,The College Dropout,Kanye West,Album,4.4,14,hip-hop,hip-hop,,The%20College%20Dropout,Kanye%20West
74,75,1968,Lady Soul,Aretha Franklin,Album,5.0,12,soul,soul,,Lady%20Soul,Aretha%20Franklin
75,76,1972,Superfly,Curtis Mayfield,Album + Soundtrack,4.6,18,soul,soul,,Superfly,Curtis%20Mayfield
76,77,1971,Who's Next,The Who,Album,4.3,51,rock,rock,,Who%27s%20Next,The%20Who
77,78,1979,The Sun Sessions,Elvis Presley,Album + Compilation,4.5,3,rock,rock,,The%20Sun%20Sessions,Elvis%20Presley
78,79,2016,Blonde,Frank Ocean,Album,4.65,5,r&b,r&b,,Blonde,Frank%20Ocean
79,80,1977,Never Mind the Bollocks Here's the Sex Pistols,Sex Pistols,Album,4.7,37,punk,punk,,Never%20Mind%20the%20Bollocks%20Here%27s%20the%20Sex%20Pistols,Sex%20Pistols
80,81,2013,BEYONCÉ,Beyoncé,Album,4.0,22,pop,pop,,BEYONCÉ,Beyoncé
81,82,1971,There's a Riot Goin' On,Sly & the Family Stone,Album,3.65,19,funk,funk,,There%27s%20a%20Riot%20Goin%27%20On,Sly%20%26%20the%20Family%20Stone
82,83,1969,Dusty in Memphis,Dusty Springfield,Album,4.0,18,pop,pop,,Dusty%20in%20Memphis,Dusty%20Springfield
83,84,1980,Back in Black,AC/DC,Album,4.45,46,rock,rock,,Back%20in%20Black,AC%2fDC
84,85,1970,John Lennon/Plastic Ono Band,John Lennon/Plastic Ono Band,Album,4.0,20,rock,rock,,John%20Lennon%2fPlastic%20Ono%20Band,John%20Lennon%2fPlastic%20Ono%20Band
85,86,1967,The Doors,The Doors,Album,4.55,38,rock,rock,,The%20Doors,The%20Doors
86,87,1970,Bitches Brew,Miles Davis,Album,4.95,33,"jazz , fusion",jazz ,fusion,Bitches%20Brew,Miles%20Davis
87,88,1971,Hunky Dory,David Bowie,Album,4.35,32,rock,rock,,Hunky%20Dory,David%20Bowie
88,89,1997,Baduizm,Erykah Badu,Album,4.0,6,r&b,r&b,,Baduizm,Erykah%20Badu
89,90,1970,After the Gold Rush,Neil Young,Album,4.9,22,folk,folk,,After%20the%20Gold%20Rush,Neil%20Young
90,91,1978,Darkness on the Edge of Town,Bruce Springsteen,Album,5.0,53,rock,rock,,Darkness%20on%20the%20Edge%20of%20Town,Bruce%20Springsteen
91,92,1967,Axis: Bold as Love,The Jimi Hendrix Experience,Album,3.9,38,rock,rock,,Axis:%20Bold%20as%20Love,The%20Jimi%20Hendrix%20Experience
92,93,1997,Supa Dupa Fly,Missy Misdemeanor Elliott,Album,3.65,5,hip-hop,hip-hop,,Supa%20Dupa%20Fly,Missy%20Misdemeanor%20Elliott
93,94,1970,Fun House,The Stooges,Album,4.2,14,rock,rock,,Fun%20House,The%20Stooges
94,95,2011,Take Care,Drake,Album,3.65,6,"r&b , hip-hop",r&b ,hip-hop,Take%20Care,Drake
95,96,1992,Automatic for the People,R.E.M.,Album,4.0,25,"alternative , rock",alternative ,rock,Automatic%20for%20the%20People,R%2eE%2eM%2e
96,97,1986,Master of Puppets,Metallica,Album,4.65,53,metal,metal,,Master%20of%20Puppets,Metallica
97,98,1998,Car Wheels on a Gravel Road,Lucinda Williams,Album,4.5,8,country,country,,Car%20Wheels%20on%20a%20Gravel%20Road,Lucinda%20Williams
98,99,2012,Red,Taylor Swift,Album,4.45,22,pop,pop,,Red,Taylor%20Swift
99,100,1968,Music From Big Pink,The Band,Album,4.0,22,"rock, folk",rock,folk,Music%20From%20Big%20Pink,The%20Band
100,101,1969,Led Zeppelin,Led Zeppelin,Album,4.55,57,rock,rock,,Led%20Zeppelin,Led%20Zeppelin
101,102,1977,The Clash,The Clash,Album,4.25,25,punk,punk,,The%20Clash,The%20Clash
102,103,1989,3 Feet High and Rising,De La Soul,Album,3.9,12,hip-hop,hip-hop,,3%20Feet%20High%20and%20Rising,De%20La%20Soul
103,104,1971,Sticky Fingers,The Rolling Stones,Album,4.45,37,rock,rock,,Sticky%20Fingers,The%20Rolling%20Stones
104,105,1971,At Fillmore East,The Allman Brothers Band,Album + Live,4.5,27,"rock, blues",rock,blues,At%20Fillmore%20East,The%20Allman%20Brothers%20Band
105,106,1994,Live Through This,Hole,Album,4.55,9,"alternative , grunge",alternative ,grunge,Live%20Through%20This,Hole
106,107,1977,Marquee Moon,Television,Album,4.35,17,rock,rock,,Marquee%20Moon,Television
107,108,1999,"When the Pawn Hits the Conflicts He Thinks Like a King What He Knows Throws the Blows When He Goes to the Fight and He'll Win the Whole Thing 'Fore He Enters the Ring There's No Body to Batter When Your Mind Is Your Might So When You Go Solo, You Hold Your Own Hand and Remember That Depth Is the Greatest of Heights and If You Know Where You Stand, Then You Know Where to Land and If You Fall It Won't Matter, Cuz You'll Know That You're Right",Fiona Apple,Album,4.35,9,pop,pop,,"When%20the%20Pawn%20Hits%20the%20Conflicts%20He%20Thinks%20Like%20a%20King%20What%20He%20Knows%20Throws%20the%20Blows%20When%20He%20Goes%20to%20the%20Fight%20and%20He%27ll%20Win%20the%20Whole%20Thing%20%27Fore%20He%20Enters%20the%20Ring%20There%27s%20No%20Body%20to%20Batter%20When%20Your%20Mind%20Is%20Your%20Might%20So%20When%20You%20Go%20Solo,%20You%20Hold%20Your%20Own%20Hand%20and%20Remember%20That%20Depth%20Is%20the%20Greatest%20of%20Heights%20and%20If%20You%20Know%20Where%20You%20Stand,%20Then%20You%20Know%20Where%20to%20Land%20and%20If%20You%20Fall%20It%20Won%27t%20Matter,%20Cuz%20You%27ll%20Know%20That%20You%27re%20Right",Fiona%20Apple
108,109,1972,Transformer,Lou Reed,Album,4.2,25,rock,rock,,Transformer,Lou%20Reed
109,110,1974,Court and Spark,Joni Mitchell,Album,5.0,14,folk,folk,,Court%20and%20Spark,Joni%20Mitchell
110,111,1986,Control,Janet Jackson,Album,4.5,44,"pop , r&b",pop ,r&b,Control,Janet%20Jackson
111,112,1973,Goodbye Yellow Brick Road,Elton John,Album,4.0,47,pop,pop,,Goodbye%20Yellow%20Brick%20Road,Elton%20John
112,113,1986,The Queen Is Dead,The Smiths,Album,4.4,27,"rock , pop",rock ,pop,The%20Queen%20Is%20Dead,The%20Smiths
113,114,2001,Is This It,The Strokes,Album,4.35,16,rock,rock,,Is%20This%20It,The%20Strokes
114,115,2012,"good kid, m.A.A.d city",Kendrick Lamar,Album,4.4,17,hip-hop,hip-hop,,"good%20kid,%20m%2eA%2eA%2ed%20city",Kendrick%20Lamar
115,116,1989,Disintegration,The Cure,Album,4.45,22,alternative,alternative,,Disintegration,The%20Cure
116,117,2005,Late Registration,Kanye West,Album,4.3,17,hip-hop,hip-hop,,Late%20Registration,Kanye%20West
117,118,1976,Hotel California,Eagles,Album,4.45,47,rock,rock,,Hotel%20California,Eagles
118,119,1969,Stand!,Sly & the Family Stone,Album,4.0,12,funk,funk,,Stand!,Sly%20%26%20the%20Family%20Stone
119,120,1970,Moondance,Van Morrison,Album,4.65,29,folk,folk,,Moondance,Van%20Morrison
120,121,1978,This Year's Model,Elvis Costello & The Attractions,Album,4.65,19,alternative,alternative,,This%20Year%27s%20Model,Elvis%20Costello%20%26%20The%20Attractions
121,122,1994,The Downward Spiral,Nine Inch Nails,Album,3.05,32,rock,rock,,The%20Downward%20Spiral,Nine%20Inch%20Nails
122,123,1969,Led Zeppelin II,Led Zeppelin,Album,4.55,51,rock,rock,,Led%20Zeppelin%20II,Led%20Zeppelin
123,124,1991,Achtung Baby,U2,Album,4.4,31,rock,rock,,Achtung%20Baby,U2
124,125,1989,Paul's Boutique,Beastie Boys,Album,4.5,20,hip-hop,hip-hop,,Paul%27s%20Boutique,Beastie%20Boys
125,126,1994,My Life,Mary J. Blige,Album,3.0,4,r&b,r&b,,My%20Life,Mary%20J%2e%20Blige
126,127,1962,Modern Sounds in Country and Western Music,Ray Charles,Album,4.5,5,"country , soul",country ,soul,Modern%20Sounds%20in%20Country%20and%20Western%20Music,Ray%20Charles
127,128,1975,A Night at the Opera,Queen,Album,4.35,60,rock,rock,,A%20Night%20at%20the%20Opera,Queen
128,129,1979,The Wall,Pink Floyd,Album,4.4,66,rock,rock,,The%20Wall,Pink%20Floyd
129,130,1982,1999,Prince & The Revolution,Album,4.25,24,rock,rock,,1999,Prince%20%26%20The%20Revolution
130,131,1994,Dummy,Portishead,Album,4.3,14,rock,rock,,Dummy,Portishead
131,132,1978,40 Greatest Hits,Hank Williams,Album + Compilation,,4,"country , soul",country ,soul,40%20Greatest%20Hits,Hank%20Williams
132,133,1976,Hejira,Joni Mitchell,Album,4.0,9,folk,folk,,Hejira,Joni%20Mitchell
133,134,1996,The Score,Fugees (Refugee Camp),Album,4.0,18,hip-hop,hip-hop,,The%20Score,Fugees%20(Refugee%20Camp)
134,135,1987,The Joshua Tree,U2,Album,4.3,51,rock,rock,,The%20Joshua%20Tree,U2
135,136,1971,Maggot Brain,Funkadelic,Album,3.75,8,funk,funk,,Maggot%20Brain,Funkadelic
136,137,2011,21,Adele,Album,4.1,19,pop,pop,,21,Adele
137,138,1990,The Immaculate Collection,Madonna,Album + Compilation,4.4,13,pop,pop,,The%20Immaculate%20Collection,Madonna
138,139,1970,Paranoid,Black Sabbath,Album,4.75,49,metal,metal,,Paranoid,Black%20Sabbath
139,140,1973,Catch a Fire,The Wailers,Album,4.6,21,reggae,reggae,,Catch%20a%20Fire,The%20Wailers
140,141,1989,Doolittle,Pixies,Album,4.4,23,"rock , indie",rock ,indie,Doolittle,Pixies
141,142,1984,Born in the U.S.A.,Bruce Springsteen,Album,4.65,159,rock,rock,,Born%20in%20the%20U%2eS%2eA%2e,Bruce%20Springsteen
142,143,1969,The Velvet Underground,The Velvet Underground,Album,4.15,21,rock,rock,,The%20Velvet%20Underground,The%20Velvet%20Underground
143,144,1975,Physical Graffiti,Led Zeppelin,Album,4.25,38,rock,rock,,Physical%20Graffiti,Led%20Zeppelin
144,145,2000,The Marshall Mathers LP,Eminem,Album,4.2,20,hip-hop,hip-hop,,The%20Marshall%20Mathers%20LP,Eminem
145,146,1978,Parallel Lines,Blondie,Album,4.2,19,"rock , alternative",rock ,alternative,Parallel%20Lines,Blondie
146,147,1994,Grace,Jeff Buckley,Album,4.3,19,"alternative , rock",alternative ,rock,Grace,Jeff%20Buckley
147,148,2012,channel ORANGE,Frank Ocean,Album,4.15,9,r&b,r&b,,channel%20ORANGE,Frank%20Ocean
148,149,1971,John Prine,John Prine,Album,4.0,9,country,country,,John%20Prine,John%20Prine
149,150,1982,Nebraska,Bruce Springsteen,Album,4.4,40,rock,rock,,Nebraska,Bruce%20Springsteen
150,151,1987,Faith,George Michael,Album,3.15,22,"pop , r&b",pop ,r&b,Faith,George%20Michael
151,152,1980,Pretenders,Pretenders,Album,4.5,23,"new wave , alternative",new wave ,alternative,Pretenders,Pretenders
152,153,1993,Rid of Me,PJ Harvey,Album,4.65,6,"alternative , rock",alternative ,rock,Rid%20of%20Me,PJ%20Harvey
153,154,1972,Amazing Grace,Aretha Franklin,Album + Live,,7,gospel,gospel,,Amazing%20Grace,Aretha%20Franklin
154,155,2003,The Black Album,Jay‐Z,Album,3.15,6,hip-hop,hip-hop,,The%20Black%20Album,Jay‐Z
155,156,1984,Let It Be,The Replacements,Album,4.5,9,"rock , alternative",rock ,alternative,Let%20It%20Be,The%20Replacements
156,157,1995,(What's the Story) Morning Glory?,Oasis,Album,3.95,25,"rock , alternative",rock ,alternative,(What%27s%20the%20Story)%20Morning%20Glory?,Oasis
157,158,2000,Mama's Gun,Erykah Badu,Album,4.0,7,r&b,r&b,,Mama%27s%20Gun,Erykah%20Badu
158,159,1983,Synchronicity,The Police,Album,4.2,32,new wave,new wave,,Synchronicity,The%20Police
159,160,1991,Ten,Pearl Jam,Album,4.15,27,grunge,grunge,,Ten,Pearl%20Jam
160,161,1969,"Crosby, Stills & Nash","Crosby, Stills & Nash",Album,4.65,20,rock,rock,,"Crosby,%20Stills%20%26%20Nash","Crosby,%20Stills%20%26%20Nash"
161,162,1995,Different Class,Pulp,Album,3.85,10,"rock , pop",rock ,pop,Different%20Class,Pulp
162,163,1977,Saturday Night Fever: The Original Movie Sound Track,Various Artists,Album + Soundtrack,5.0,22,disco,disco,,Saturday%20Night%20Fever:%20The%20Original%20Movie%20Sound%20Track,Various%20Artists
163,164,1968,At Folsom Prison,Johnny Cash,Album + Live,4.3,13,country,country,,At%20Folsom%20Prison,Johnny%20Cash
164,165,1983,Murmur,R.E.M.,Album,4.2,18,"rock , alternative",rock ,alternative,Murmur,R%2eE%2eM%2e
165,166,1978,20 Golden Greats,Buddy Holly,Album + Compilation,,5,"rock , blues",rock ,blues,20%20Golden%20Greats,Buddy%20Holly
166,167,1990,Violator,Depeche Mode,Album,4.3,38,"alternative , rock",alternative ,rock,Violator,Depeche%20Mode
167,168,1972,Can't Buy a Thrill,Steely Dan,Album,4.5,23,fusion,fusion,,Can%27t%20Buy%20a%20Thrill,Steely%20Dan
168,169,1977,The Stranger,Billy Joel,Album,4.5,33,pop,pop,,The%20Stranger,Billy%20Joel
169,170,1967,Disraeli Gears,Cream,Album,4.9,24,rock,rock,,Disraeli%20Gears,Cream
170,171,1988,Daydream Nation,Sonic Youth,Album,4.1,17,alternative,alternative,,Daydream%20Nation,Sonic%20Youth
171,172,1970,Bridge Over Troubled Water,Simon and Garfunkel,Album,4.25,35,folk,folk,,Bridge%20Over%20Troubled%20Water,Simon%20and%20Garfunkel
172,173,1993,In Utero,Nirvana,Album,4.2,50,grunge,grunge,,In%20Utero,Nirvana
173,174,1972,The Harder They Come,Various Artists,Album + Soundtrack,4.0,12,reggae,reggae,,The%20Harder%20They%20Come,Various%20Artists
174,175,2017,DAMN.,Kendrick Lamar,Album,4.15,10,hip-hop,hip-hop,,DAMN%2e,Kendrick%20Lamar
175,176,1990,Fear of a Black Planet,Public Enemy,Album,4.0,13,hip-hop,hip-hop,,Fear%20of%20a%20Black%20Planet,Public%20Enemy
176,177,1971,Every Picture Tells a Story,Rod Stewart,Album,4.5,18,rock,rock,,Every%20Picture%20Tells%20a%20Story,Rod%20Stewart
177,178,1965,Otis Blue: Otis Redding Sings Soul,Otis Redding,Album,5.0,19,soul,soul,,Otis%20Blue:%20Otis%20Redding%20Sings%20Soul,Otis%20Redding
178,179,1997,Life After Death,The Notorious B.I.G.,Album,3.8,9,hip-hop,hip-hop,,Life%20After%20Death,The%20Notorious%20B%2eI%2eG%2e
179,180,1967,Forever Changes,Love,Album,4.45,18,rock,rock,,Forever%20Changes,Love
180,181,1965,Bringing It All Back Home,Bob Dylan,Album,4.45,40,folk,folk,,Bringing%20It%20All%20Back%20Home,Bob%20Dylan
181,182,1970,Sweet Baby James,James Taylor,Album,3.5,10,folk,folk,,Sweet%20Baby%20James,James%20Taylor
182,183,1995,Brown Sugar,D'Angelo,Album,3.5,5,r&b,r&b,,Brown%20Sugar,D%27Angelo
183,184,1983,She's So Unusual,Cyndi Lauper,Album,4.5,25,pop,pop,,She%27s%20So%20Unusual,Cyndi%20Lauper
184,185,1968,Beggars Banquet,The Rolling Stones,Album,4.5,24,rock,rock,,Beggars%20Banquet,The%20Rolling%20Stones
185,186,1991,Blood Sugar Sex Magik,Red Hot Chili Peppers,Album,4.05,23,rock,rock,,Blood%20Sugar%20Sex%20Magik,Red%20Hot%20Chili%20Peppers
186,187,1990,AmeriKKKa's Most Wanted,Ice Cube,Album,4.0,12,hip-hop,hip-hop,,AmeriKKKa%27s%20Most%20Wanted,Ice%20Cube
187,188,1971,Electric Warrior,T. Rex,Album,3.4,28,rock,rock,,Electric%20Warrior,T%2e%20Rex
188,189,1997,Dig Me Out,Sleater‐Kinney,Album,4.55,6,rock,rock,,Dig%20Me%20Out,Sleater‐Kinney
189,190,1969,Tommy,The Who,Album,4.3,40,rock,rock,,Tommy,The%20Who
190,191,1960,At Last!,Etta James,Album,4.5,8,jazz,jazz,,At%20Last!,Etta%20James
191,192,1986,Licensed to Ill,Beastie Boys,Album,4.15,18,hip-hop,hip-hop,,Licensed%20to%20Ill,Beastie%20Boys
192,193,1969,Willy and the Poor Boys,Creedence Clearwater Revival,Album,4.7,24,rock,rock,,Willy%20and%20the%20Poor%20Boys,Creedence%20Clearwater%20Revival
193,194,1987,Bad,Michael Jackson,Album,4.2,39,pop,pop,,Bad,Michael%20Jackson
194,195,1967,Songs of Leonard Cohen,Leonard Cohen,Album,4.75,18,folk,folk,,Songs%20of%20Leonard%20Cohen,Leonard%20Cohen
195,196,2010,Body Talk,Robyn,Album,,7,pop,pop,,Body%20Talk,Robyn
196,197,1964,Meet The Beatles!,The Beatles,Album,4.6,32,rock,rock,,Meet%20The%20Beatles!,The%20Beatles
197,198,1979,The B‐52's,The B‐52's,Album,5.0,19,"new wave , alternative",new wave ,alternative,The%20B‐52%27s,The%20B‐52%27s
198,199,1992,Slanted and Enchanted,Pavement,Album,4.65,14,"rock , indie",rock ,indie,Slanted%20and%20Enchanted,Pavement
199,200,1984,Diamond Life,Sade,Album,4.0,22,"pop , soul",pop ,soul,Diamond%20Life,Sade
200,201,1993,Midnight Marauders,A Tribe Called Quest,Album,4.35,12,hip-hop,hip-hop,,Midnight%20Marauders,A%20Tribe%20Called%20Quest
201,202,1997,Homogenic,Björk,Album,4.5,22,"electronic , pop , experimental",electronic ,"pop , experimental",Homogenic,Björk
202,203,1972,Pink Moon,Nick Drake,Album,4.5,15,folk,folk,,Pink%20Moon,Nick%20Drake
203,204,2007,Graduation,Kanye West,Album,3.85,14,hip-hop,hip-hop,,Graduation,Kanye%20West
204,205,1970,Tea for the Tillerman,Cat Stevens,Album,4.6,26,"folk , rock",folk ,rock,Tea%20for%20the%20Tillerman,Cat%20Stevens
205,206,1977,Low,David Bowie,Album,4.35,22,"rock , experimental , new wave",rock ,"experimental , new wave",Low,David%20Bowie
206,207,1972,Eagles,Eagles,Album,4.4,11,"rock , folk",rock ,folk,Eagles,Eagles
207,208,2008,Tha Carter III,Lil Wayne,Album,3.25,13,hip-hop,hip-hop,,Tha%20Carter%20III,Lil%20Wayne
208,209,1986,Raising Hell,Run‐D.M.C.,Album,4.25,21,hip-hop,hip-hop,,Raising%20Hell,Run‐D%2eM%2eC%2e
209,210,1991,The Birth of Soul,Ray Charles,Album + Compilation,,1,soul,soul,,The%20Birth%20of%20Soul,Ray%20Charles
210,211,1979,Unknown Pleasures,Joy Division,Album,4.45,25,"alternative , rock",alternative ,rock,Unknown%20Pleasures,Joy%20Division
211,212,1966,Wild Is the Wind,Nina Simone,Album,5.0,6,jazz,jazz,,Wild%20Is%20the%20Wind,Nina%20Simone
212,213,2012,The Idler Wheel Is Wiser Than the Driver of the Screw and Whipping Cords Will Serve You More Than Ropes Will Ever Do,Fiona Apple,Album,3.85,8,pop,pop,,The%20Idler%20Wheel%20Is%20Wiser%20Than%20the%20Driver%20of%20the%20Screw%20and%20Whipping%20Cords%20Will%20Serve%20You%20More%20Than%20Ropes%20Will%20Ever%20Do,Fiona%20Apple
213,214,1994,Wildflowers,Tom Petty,Album,3.8,17,rock,rock,,Wildflowers,Tom%20Petty
214,215,1970,American Beauty,Grateful Dead,Album,4.05,23,rock,rock,,American%20Beauty,Grateful%20Dead
215,216,1997,Either/Or,Elliott Smith,Album,4.65,9,"folk , alternative",folk ,alternative,Either%2fOr,Elliott%20Smith
216,217,1994,Definitely Maybe,Oasis,Album,4.45,22,"rock , indie",rock ,indie,Definitely%20Maybe,Oasis
217,218,1994,CrazySexyCool,TLC,Album,4.5,12,r&b,r&b,,CrazySexyCool,TLC
218,219,1995,Only Built 4 Cuban Linx…,Raekwon,Album,4.25,4,hip-hop,hip-hop,,Only%20Built%204%20Cuban%20Linx…,Raekwon
219,220,1970,Déjà vu,"Crosby, Stills, Nash & Young",Album,4.8,23,rock,rock,,Déjà%20vu,"Crosby,%20Stills,%20Nash%20%26%20Young"
220,221,1992,Rage Against the Machine,Rage Against the Machine,Album,4.4,32,"rock , hip-hop",rock ,hip-hop,Rage%20Against%20the%20Machine,Rage%20Against%20the%20Machine
221,222,1998,Ray of Light,Madonna,Album,4.35,19,pop,pop,,Ray%20of%20Light,Madonna
222,223,1971,Imagine,John Lennon,Album,4.0,36,rock,rock,,Imagine,John%20Lennon
223,224,1999,Fly,Dixie Chicks,Album,4.5,6,country,country,,Fly,Dixie%20Chicks
224,225,2002,Yankee Hotel Foxtrot,Wilco,Album,4.35,8,"folk , alternative",folk ,alternative,Yankee%20Hotel%20Foxtrot,Wilco
225,226,1970,Layla and Other Assorted Love Songs,Derek and the Dominos,Album,4.0,38,"rock , blues",rock ,blues,Layla%20and%20Other%20Assorted%20Love%20Songs,Derek%20and%20the%20Dominos
226,227,1957,Here's Little Richard,Little Richard,Album,4.25,8,blues,blues,,Here%27s%20Little%20Richard,Little%20Richard
227,228,1991,De La Soul Is Dead,De La Soul,Album,4.0,12,hip-hop,hip-hop,,De%20La%20Soul%20Is%20Dead,De%20La%20Soul
228,229,2000,The Ultimate Collection,Patsy Cline,Album + Compilation,,1,country,country,,The%20Ultimate%20Collection,Patsy%20Cline
229,230,2016,ANTI,Rihanna,Album,4.4,15,pop,pop,,ANTI,Rihanna
230,231,1979,Damn the Torpedoes,Tom Petty and the Heartbreakers,Album,4.0,26,rock,rock,,Damn%20the%20Torpedoes,Tom%20Petty%20and%20the%20Heartbreakers
231,232,1960,Giant Steps,John Coltrane,Album,4.45,24,jazz,jazz,,Giant%20Steps,John%20Coltrane
232,233,1992,Little Earthquakes,Tori Amos,Album,4.7,16,alternative,alternative,,Little%20Earthquakes,Tori%20Amos
233,234,1971,Master of Reality,Black Sabbath,Album,4.55,37,metal,metal,,Master%20of%20Reality,Black%20Sabbath
234,235,1991,Metallica,Metallica,Album,4.2,36,metal,metal,,Metallica,Metallica
235,236,2001,Discovery,Daft Punk,Album,4.35,15,dance,dance,,Discovery,Daft%20Punk
236,237,1975,Red Headed Stranger,Willie Nelson,Album,5.0,9,country,country,,Red%20Headed%20Stranger,Willie%20Nelson
237,238,1977,Trans Europa Express,Kraftwerk,Album,4.15,23,electronic,electronic,,Trans%20Europa%20Express,Kraftwerk
238,239,1987,Criminal Minded,Boogie Down Productions,Album,,9,hip-hop,hip-hop,,Criminal%20Minded,Boogie%20Down%20Productions
239,240,1985,"Live at the Harlem Square Club, 1963",Sam Cooke,Album + Live,5.0,9,soul,soul,,"Live%20at%20the%20Harlem%20Square%20Club,%201963",Sam%20Cooke
240,241,1991,Blue Lines,Massive Attack,Album,4.0,20,"acid house , dance , house",acid house ,"dance , house",Blue%20Lines,Massive%20Attack
241,242,1970,Loaded,The Velvet Underground,Album,4.15,14,rock,rock,,Loaded,The%20Velvet%20Underground
242,243,1968,Odessey and Oracle,The Zombies,Album,4.0,25,rock,rock,,Odessey%20and%20Oracle,The%20Zombies
243,244,2008,808s & Heartbreak,Kanye West,Album,3.45,8,hip-hop,hip-hop,,808s%20%26%20Heartbreak,Kanye%20West
244,245,1990,Heaven or Las Vegas,Cocteau Twins,Album,3.7,13,"alternative , pop",alternative ,pop,Heaven%20or%20Las%20Vegas,Cocteau%20Twins
245,246,1990,Mama Said Knock You Out,L.L. Cool J,Album,4.5,6,hip-hop,hip-hop,,Mama%20Said%20Knock%20You%20Out,L%2eL%2e%20Cool%20J
246,247,1992,Love Deluxe,Sade,Album,4.2,12,"ambient , jazz",ambient ,jazz,Love%20Deluxe,Sade
247,248,2004,American Idiot,Green Day,Album,4.05,21,"punk , punk rock",punk ,punk rock,American%20Idiot,Green%20Day
248,249,1985,Whitney Houston,Whitney Houston,Album,4.65,15,r&b,r&b,,Whitney%20Houston,Whitney%20Houston
249,250,1979,Singles Going Steady,Buzzcocks,Album + Compilation,3.35,9,punk,punk,,Singles%20Going%20Steady,Buzzcocks
250,251,1972,Honky Château,Elton John,Album,3.8,17,pop,pop,,Honky%20Château,Elton%20John
251,252,1978,Q: Are We Not Men? A: We Are Devo!,DEVO,Album,4.4,9,new wave,new wave,,Q:%20Are%20We%20Not%20Men?%20A:%20We%20Are%20Devo!,DEVO
252,253,1967,The Piper at the Gates of Dawn,Pink Floyd,Album,3.9,61,rock,rock,,The%20Piper%20at%20the%20Gates%20of%20Dawn,Pink%20Floyd
253,254,1973,Head Hunters,Herbie Hancock,Album,4.0,23,"jazz , fusion",jazz ,fusion,Head%20Hunters,Herbie%20Hancock
254,255,1963,The Freewheelin' Bob Dylan,Bob Dylan,Album,4.35,23,folk,folk,,The%20Freewheelin%27%20Bob%20Dylan,Bob%20Dylan
255,256,1988,Tracy Chapman,Tracy Chapman,Album,4.25,20,folk,folk,,Tracy%20Chapman,Tracy%20Chapman
256,257,1971,Coat of Many Colors,Dolly Parton,Album,4.0,5,country,country,,Coat%20of%20Many%20Colors,Dolly%20Parton
257,258,1975,The Hissing of Summer Lawns,Joni Mitchell,Album,4.0,11,folk,folk,,The%20Hissing%20of%20Summer%20Lawns,Joni%20Mitchell
258,259,1971,Pearl,Janis Joplin,Album,4.4,27,"blues , blues rock",blues ,blues rock,Pearl,Janis%20Joplin
259,260,1979,Cut,The Slits,Album,,8,post punk,post punk,,Cut,The%20Slits
260,261,1992,Check Your Head,Beastie Boys,Album,4.35,15,hip-hop,hip-hop,,Check%20Your%20Head,Beastie%20Boys
261,262,1983,"Power, Corruption & Lies",New Order,Album,4.45,21,"new wave , alternative",new wave ,alternative,"Power,%20Corruption%20%26%20Lies",New%20Order
262,263,1964,A Hard Day's Night,The Beatles,Album + Soundtrack,4.2,74,rock,rock,,A%20Hard%20Day%27s%20Night,The%20Beatles
263,264,1975,Wish You Were Here,Pink Floyd,Album,4.7,75,rock,rock,,Wish%20You%20Were%20Here,Pink%20Floyd
264,265,1995,Wowee Zowee,Pavement,Album,4.15,14,"rock , indie",rock ,indie,Wowee%20Zowee,Pavement
265,266,1965,Help!,The Beatles,Album + Soundtrack,4.05,84,rock,rock,,Help!,The%20Beatles
266,267,1984,Double Nickels on the Dime,Minutemen,Album,4.5,4,"punk , alternative",punk ,alternative,Double%20Nickels%20on%20the%20Dime,Minutemen
267,268,1972,Sail Away,Randy Newman,Album,4.0,4,"pop , rock",pop ,rock,Sail%20Away,Randy%20Newman
268,269,2013,Yeezus,Kanye West,Album,4.0,7,hip-hop,hip-hop,,Yeezus,Kanye%20West
269,270,2018,Golden Hour,Kacey Musgraves,Album,3.65,9,country,country,,Golden%20Hour,Kacey%20Musgraves
270,271,1992,What's the 411?,Mary J. Blige,Album,3.5,6,r&b,r&b,,What%27s%20the%20411?,Mary%20J%2e%20Blige
271,272,1967,White Light/White Heat,The Velvet Underground,Single,,1,"rock , experimental",rock ,experimental,White%20Light%2fWhite%20Heat,The%20Velvet%20Underground
272,273,1979,Entertainment!,Gang of Four,Album,4.75,10,piunk,piunk,,Entertainment!,Gang%20of%20Four
273,274,1968,Sweetheart of the Rodeo,The Byrds,Album,4.0,15,"rock , folk",rock ,folk,Sweetheart%20of%20the%20Rodeo,The%20Byrds
274,275,1970,Curtis,Curtis Mayfield,Album,4.65,9,soul,soul,,Curtis,Curtis%20Mayfield
275,276,1995,The Bends,Radiohead,Album,4.3,28,"rock , alternative",rock ,alternative,The%20Bends,Radiohead
276,277,2003,The Diary of Alicia Keys,Alicia Keys,Album,5.0,11,r&b,r&b,,The%20Diary%20of%20Alicia%20Keys,Alicia%20Keys
277,278,1973,Houses of the Holy,Led Zeppelin,Album,4.5,40,rock,rock,,Houses%20of%20the%20Holy,Led%20Zeppelin
278,279,1994,MTV Unplugged in New York,Nirvana,Album + Live,4.2,31,grunge,grunge,,MTV%20Unplugged%20in%20New%20York,Nirvana
279,280,2003,Get Rich or Die Tryin',50 Cent,Album,3.75,13,hip-hop,hip-hop,,Get%20Rich%20or%20Die%20Tryin%27,50%20Cent
280,281,1971,Nilsson Schmilsson,Nilsson,Album,3.0,15,"rock , pop",rock ,pop,Nilsson%20Schmilsson,Nilsson
281,282,1955,In the Wee Small Hours,Frank Sinatra,Album,5.0,14,pop,pop,,In%20the%20Wee%20Small%20Hours,Frank%20Sinatra
282,283,1979,Bad Girls,Donna Summer,Album,4.75,16,pop,pop,,Bad%20Girls,Donna%20Summer
283,284,1996,Down Every Road,Merle Haggard,Album + Compilation,,1,country,country,,Down%20Every%20Road,Merle%20Haggard
284,285,1978,Third/Sister Lovers,Big Star,Album,,10,"pop , rock",pop ,rock,Third%2fSister%20Lovers,Big%20Star
285,286,1999,Californication,Red Hot Chili Peppers,Album,4.2,22,rock,rock,,Californication,Red%20Hot%20Chili%20Peppers
286,287,1965,Mr. Tambourine Man,The Byrds,Album,4.0,14,"rock , folk",rock ,folk,Mr%2e%20Tambourine%20Man,The%20Byrds
287,288,1976,The Modern Lovers,The Modern Lovers,Album,4.5,14,"rock , alternative",rock ,alternative,The%20Modern%20Lovers,The%20Modern%20Lovers
288,289,1995,Post,Björk,Album,4.3,23,"pop , electronic",pop ,electronic,Post,Björk
289,290,2003,Speakerboxxx / The Love Below,OutKast,Album,3.35,10,hip-hop,hip-hop,,Speakerboxxx%20%2f%20The%20Love%20Below,OutKast
290,291,1999,The Writing's on the Wall,Destiny's Child,Album,4.25,11,"pop , r&b",pop ,r&b,The%20Writing%27s%20on%20the%20Wall,Destiny%27s%20Child
291,292,1978,Van Halen,Van Halen,Album,4.05,26,rock,rock,,Van%20Halen,Van%20Halen
292,293,1993,Last Splash,The Breeders,Album,4.0,9,"rock , alternative",rock ,alternative,Last%20Splash,The%20Breeders
293,294,1994,Weezer (Blue Album),Weezer,Album,4.65,25,"rock , alternative",rock ,alternative,Weezer%20(Blue%20Album),Weezer
294,295,2013,Random Access Memories,Daft Punk,Album,3.95,17,"dance , pop",dance ,pop,Random%20Access%20Memories,Daft%20Punk
295,296,1979,Rust Never Sleeps,Neil Young & Crazy Horse,Album,4.65,12,folk,folk,,Rust%20Never%20Sleeps,Neil%20Young%20%26%20Crazy%20Horse
296,297,1986,So,Peter Gabriel,Album,4.35,39,pop,pop,,So,Peter%20Gabriel
297,298,1989,Full Moon Fever,Tom Petty,Album,4.2,17,rock,rock,,Full%20Moon%20Fever,Tom%20Petty
298,299,1965,Live at the Regal,B.B. King,Album + Live,4.75,16,blues,blues,,Live%20at%20the%20Regal,B%2eB%2e%20King
299,300,1997,Come On Over,Shania Twain,Album,4.0,17,country,country,,Come%20On%20Over,Shania%20Twain
300,301,1973,New York Dolls,New York Dolls,Album,4.4,9,rock,rock,,New%20York%20Dolls,New%20York%20Dolls
301,302,1975,Tonight's the Night,Neil Young,Album,4.0,7,folk,folk,,Tonight%27s%20the%20Night,Neil%20Young
302,303,2001,The Definitive Collection,ABBA,Album + Compilation,4.0,9,"disco , dance",disco ,dance,The%20Definitive%20Collection,ABBA
303,304,1971,Just As I Am,Bill Withers,Album,3.65,6,soul,soul,,Just%20As%20I%20Am,Bill%20Withers
304,305,1975,Alive!,KISS,Album + Live,3.4,33,rock,rock,,Alive!,KISS
305,306,1972,I'm Still in Love With You,Al Green,Album,4.5,5,soul,soul,,I%27m%20Still%20in%20Love%20With%20You,Al%20Green
306,307,2003,Portrait of a Legend 1951–1964,Sam Cooke,Album + Compilation,,5,soul,soul,,Portrait%20of%20a%20Legend%201951–1964,Sam%20Cooke
307,308,1973,Here Come the Warm Jets,Brian Eno,Album,4.35,13,"pop , rock",pop ,rock,Here%20Come%20the%20Warm%20Jets,Brian%20Eno
308,309,1980,Closer,Joy Division,Album,4.5,22,"new wave , alternative",new wave ,alternative,Closer,Joy%20Division
309,310,1977,Pink Flag,Wire,Album,4.25,11,punk,punk,,Pink%20Flag,Wire
310,311,1974,On the Beach,Neil Young,Album,4.0,14,folk,folk,,On%20the%20Beach,Neil%20Young
311,312,2016,A Seat at the Table,Solange,Album,5.0,3,r&b,r&b,,A%20Seat%20at%20the%20Table,Solange
312,313,2000,"Stories From the City, Stories From the Sea",PJ Harvey,Album,4.0,9,"rock , alternative",rock ,alternative,"Stories%20From%20the%20City,%20Stories%20From%20the%20Sea",PJ%20Harvey
313,314,1996,One in a Million,Aaliyah,Album,4.35,7,r&b,r&b,,One%20in%20a%20Million,Aaliyah
314,315,2018,EL MAL QUERER,ROSALÍA,Album,4.25,3,"latin , r&b",latin ,r&b,EL%20MAL%20QUERER,ROSALÍA
315,316,1967,The Who Sell Out,The Who,Album,4.0,20,rock,rock,,The%20Who%20Sell%20Out,The%20Who
316,317,1958,Lady in Satin,Billie Holiday,Album,5.0,27,jazz,jazz,,Lady%20in%20Satin,Billie%20Holiday
317,318,1997,The Velvet Rope,Janet,Album,4.0,12,r&b,r&b,,The%20Velvet%20Rope,Janet
318,319,1989,The Stone Roses,The Stone Roses,Album,4.3,31,rock,rock,,The%20Stone%20Roses,The%20Stone%20Roses
319,320,1980,Los Angeles,X,Album,5.0,7,"punk , rock",punk ,rock,Los%20Angeles,X
320,321,2019,Norman Fucking Rockwell!,Lana Del Rey,Album,4.5,24,"pop , r&b",pop ,r&b,Norman%20Fucking%20Rockwell!,Lana%20Del%20Rey
321,322,1969,From Elvis in Memphis,Elvis Presley,Album,4.0,14,"rock , blues",rock ,blues,From%20Elvis%20in%20Memphis,Elvis%20Presley
322,323,1980,Sandinista!,The Clash,Album,3.6,13,"punk , rock",punk ,rock,Sandinista!,The%20Clash
323,324,2002,A Rush of Blood to the Head,Coldplay,Album,4.1,24,pop,pop,,A%20Rush%20of%20Blood%20to%20the%20Head,Coldplay
324,325,1993,All Killer No Filler! The Jerry Lee Lewis Anthology,Jerry Lee Lewis,Album + Compilation,,1,"rock , country",rock ,country,All%20Killer%20No%20Filler!%20The%20Jerry%20Lee%20Lewis%20Anthology,Jerry%20Lee%20Lewis
325,326,1980,Dirty Mind,Prince & The Revolution,Album,3.85,10,"funk , rock , pop",funk ,"rock , pop",Dirty%20Mind,Prince%20%26%20The%20Revolution
326,327,1970,Live at Leeds,The Who,Album + Live,5.0,27,rock,rock,,Live%20at%20Leeds,The%20Who
327,328,2013,Modern Vampires of the City,Vampire Weekend,Album,4.35,7,"rock , indie , pop",rock ,"indie , pop",Modern%20Vampires%20of%20the%20City,Vampire%20Weekend
328,329,1996,Endtroducing.....,DJ Shadow,Album,4.55,14,hip-hop,hip-hop,,Endtroducing%2e%2e%2e%2e%2e,DJ%20Shadow
329,330,1966,Aftermath,The Rolling Stones,Album,4.4,35,rock,rock,,Aftermath,The%20Rolling%20Stones
330,331,1989,Like a Prayer,Madonna,Album,4.15,15,pop,pop,,Like%20a%20Prayer,Madonna
331,332,1956,Elvis Presley,Elvis Presley,Album,4.2,14,rock,rock,,Elvis%20Presley,Elvis%20Presley
332,333,1972,Still Bill,Bill Withers,Album,4.35,6,soul,soul,,Still%20Bill,Bill%20Withers
333,334,1970,Abraxas,Santana,Album,5.0,30,rock,rock,,Abraxas,Santana
334,335,1975,The Basement Tapes,Bob Dylan And The Band,Album,4.15,9,folk,folk,,The%20Basement%20Tapes,Bob%20Dylan%20And%20The%20Band
335,336,1982,Avalon,Roxy Music,Album,3.8,24,pop,pop,,Avalon,Roxy%20Music
336,337,1967,John Wesley Harding,Bob Dylan,Album,4.65,22,folk,folk,,John%20Wesley%20Harding,Bob%20Dylan
337,338,1975,Another Green World,Brian Eno,Album,3.95,16,"ambient , alternative",ambient ,alternative,Another%20Green%20World,Brian%20Eno
338,339,1989,Rhythm Nation 1814,Janet Jackson,Album,4.65,23,r&b,r&b,,Rhythm%20Nation%201814,Janet%20Jackson
339,340,1993,Doggystyle,Snoop Doggy Dogg,Album,3.9,19,hip-hop,hip-hop,,Doggystyle,Snoop%20Doggy%20Dogg
340,341,1993,Siamese Dream,Smashing Pumpkins,Album,4.15,22,rock,rock,,Siamese%20Dream,Smashing%20Pumpkins
341,342,1970,Let It Be,The Beatles,Album,4.0,47,rock,rock,,Let%20It%20Be,The%20Beatles
342,343,1970,Greatest Hits,Sly & the Family Stone,Album + Compilation,4.5,6,funk,funk,,Greatest%20Hits,Sly%20%26%20the%20Family%20Stone
343,344,1973,Funky Kingston,Toots & The Maytals,Album,,8,reggae,reggae,,Funky%20Kingston,Toots%20%26%20The%20Maytals
344,345,1973,"The Wild, the Innocent & The E Street Shuffle",Bruce Springsteen,Album,4.0,63,rock,rock,,"The%20Wild,%20the%20Innocent%20%26%20The%20E%20Street%20Shuffle",Bruce%20Springsteen
345,346,2013,AM,Arctic Monkeys,Album,4.35,14,"rock , pop",rock ,pop,AM,Arctic%20Monkeys
346,347,1995,Liquid Swords,Genius/GZA,Album,4.0,5,hip-hop,hip-hop,,Liquid%20Swords,Genius%2fGZA
347,348,2001,Time (The Revelator),Gillian Welch,Album,,3,country,country,,Time%20(The%20Revelator),Gillian%20Welch
348,349,1969,Kick Out the Jams,MC5,Album + Live,3.0,11,"rock , punk",rock ,punk,Kick%20Out%20the%20Jams,MC5
349,350,1972,Music of My Mind,Stevie Wonder,Album,4.55,12,"soul , pop",soul ,pop,Music%20of%20My%20Mind,Stevie%20Wonder
350,351,1973,For Your Pleasure,Roxy Music,Album,4.35,13,rock,rock,,For%20Your%20Pleasure,Roxy%20Music
351,352,1999,The Slim Shady LP,Eminem,Album,3.8,15,hip-hop,hip-hop,,The%20Slim%20Shady%20LP,Eminem
352,353,1978,The Cars,The Cars,Album,4.4,20,rock,rock,,The%20Cars,The%20Cars
353,354,1978,Germfree Adolescents,X‐Ray Spex,Album,4.0,9,"punk , new wave",punk ,new wave,Germfree%20Adolescents,X‐Ray%20Spex
354,355,1970,Black Sabbath,Black Sabbath,Album,4.55,38,metal,metal,,Black%20Sabbath,Black%20Sabbath
355,356,1968,Gris-Gris,"Dr. John, the Night Tripper",Album,3.0,6,"rock , r&b",rock ,r&b,Gris-Gris,"Dr%2e%20John,%20the%20Night%20Tripper"
356,357,1985,Rain Dogs,Tom Waits,Album,4.0,16,"rock , experimental",rock ,experimental,Rain%20Dogs,Tom%20Waits
357,358,1990,Goo,Sonic Youth,Album,3.65,18,alternative,alternative,,Goo,Sonic%20Youth
358,359,1974,Radio City,Big Star,Album,5.0,7,rock,rock,,Radio%20City,Big%20Star
359,360,1978,One Nation Under a Groove,Funkadelic,Album,,8,funk,funk,,One%20Nation%20Under%20a%20Groove,Funkadelic
360,361,2006,The Black Parade,My Chemical Romance,Album,4.15,18,"emo , rock",emo ,rock,The%20Black%20Parade,My%20Chemical%20Romance
361,362,1981,Never Too Much,Luther Vandross,Single,5.0,5,"r&b , soul",r&b ,soul,Never%20Too%20Much,Luther%20Vandross
362,363,1975,Mothership Connection,Parliament,Album,4.25,3,funk,funk,,Mothership%20Connection,Parliament
363,364,1978,More Songs About Buildings and Food,Talking Heads,Album,4.35,15,"rock , alternative",rock ,alternative,More%20Songs%20About%20Buildings%20and%20Food,Talking%20Heads
364,365,2004,Madvillainy,Madvillain,Album,4.5,14,hip-hop,hip-hop,,Madvillainy,Madvillain
365,366,1976,Rocks,Aerosmith,Album,4.0,19,rock,rock,,Rocks,Aerosmith
366,367,2015,If You're Reading This It's Too Late,Drake,Album + Mixtape/Street,2.5,4,"r&b ,  hip-hop",r&b ,hip-hop,If%20You%27re%20Reading%20This%20It%27s%20Too%20Late,Drake
367,368,1970,All Things Must Pass,George Harrison,Album,4.75,21,rock,rock,,All%20Things%20Must%20Pass,George%20Harrison
368,369,1995,The Infamous,Mobb Deep,Album,4.5,8,hip-hop,hip-hop,,The%20Infamous,Mobb%20Deep
369,370,2005,Tha Carter II,Lil Wayne,Album,5.0,5,hip-hop,hip-hop,,Tha%20Carter%20II,Lil%20Wayne
370,371,1973,Anthology,The Temptations,Album + Compilation,,1,"soul , r&b",soul ,r&b,Anthology,The%20Temptations
371,372,1968,Cheap Thrills,Big Brother & the Holding Company,Album,4.5,16,"rock , alternative",rock ,alternative,Cheap%20Thrills,Big%20Brother%20%26%20the%20Holding%20Company
372,373,1969,Hot Buttered Soul,Isaac Hayes,Album,5.0,12,soul,soul,,Hot%20Buttered%20Soul,Isaac%20Hayes
373,374,1961,King of the Delta Blues Singers,Robert Johnson,Album + Compilation,,10,blues,blues,,King%20of%20the%20Delta%20Blues%20Singers,Robert%20Johnson
374,375,1994,Dookie,Green Day,Album,3.95,24,"punk , rock",punk ,rock,Dookie,Green%20Day
375,376,1998,In the Aeroplane Over the Sea,Neutral Milk Hotel,Album,4.55,10,"folk , alternative",folk ,alternative,In%20the%20Aeroplane%20Over%20the%20Sea,Neutral%20Milk%20Hotel
376,377,2003,Fever to Tell,Yeah Yeah Yeahs,Album,4.65,8,"punk , rock , alternative",punk ,"rock , alternative",Fever%20to%20Tell,Yeah%20Yeah%20Yeahs
377,378,1984,Run‐D.M.C.,Run‐D.M.C.,Album,3.35,14,hip-hop,hip-hop,,Run‐D%2eM%2eC%2e,Run‐D%2eM%2eC%2e
378,379,1981,Moving Pictures,Rush,Album,4.35,35,rock,rock,,Moving%20Pictures,Rush
379,380,1959,Mingus Ah Um,Charles Mingus,Album,4.4,19,jazz,jazz,,Mingus%20Ah%20Um,Charles%20Mingus
380,381,1973,(pronounced 'lĕh‐'nérd 'skin‐'nérd),Lynyrd Skynyrd,Album,4.55,14,rock,rock,,(pronounced%20%27lĕh‐%27nérd%20%27skin‐%27nérd),Lynyrd%20Skynyrd
381,382,2015,Currents,Tame Impala,Album,3.9,11,"pop , alternative",pop ,alternative,Currents,Tame%20Impala
382,383,1998,Mezzanine,Massive Attack,Album,4.35,20,"acid house , house , electronic , dance",acid house ,"house , electronic , dance",Mezzanine,Massive%20Attack
383,384,1968,The Kinks Are the Village Green Preservation Society,The Kinks,Album,4.3,21,rock,rock,,The%20Kinks%20Are%20the%20Village%20Green%20Preservation%20Society,The%20Kinks
384,385,1977,Rocket to Russia,Ramones,Album,4.3,12,punk,punk,,Rocket%20to%20Russia,Ramones
385,386,2006,Donuts,J Dilla,Album,4.75,6,hip-hop,hip-hop,,Donuts,J%20Dilla
386,387,2007,In Rainbows,Radiohead,Album,4.5,15,"rock , alternative",rock ,alternative,In%20Rainbows,Radiohead
387,388,1972,"Young, Gifted and Black",Aretha Franklin,Album,4.0,7,soul,soul,,"Young,%20Gifted%20and%20Black",Aretha%20Franklin
388,389,2005,The Emancipation of Mimi,Mariah Carey,Album,4.2,17,pop,pop,,The%20Emancipation%20of%20Mimi,Mariah%20Carey
389,390,1988,Surfer Rosa,Pixies,Album,4.0,9,"rock , indie",rock ,indie,Surfer%20Rosa,Pixies
390,391,1999,Kaleidoscope,Kelis,Album,3.35,6,"r&b , hip-hop",r&b ,hip-hop,Kaleidoscope,Kelis
391,392,1991,Proud Mary,Ike & Tina Turner,Album + Compilation,,2,"pop , r&b",pop ,r&b,Proud%20Mary,Ike%20%26%20Tina%20Turner
392,393,2014,1989,Taylor Swift,Album,4.25,24,pop,pop,,1989,Taylor%20Swift
393,394,1980,Diana,Diana Ross,Album,5.0,14,"soul , disco",soul ,disco,Diana,Diana%20Ross
394,395,2014,Black Messiah,D'Angelo and The Vanguard,Album,4.0,6,r&b,r&b,,Black%20Messiah,D%27Angelo%20and%20The%20Vanguard
395,396,1972,Something/Anything?,Todd Rundgren,Album,4.5,11,"rock , pop , r&b",rock ,"pop , r&b",Something%2fAnything?,Todd%20Rundgren
396,397,2019,"WHEN WE ALL FALL ASLEEP, WHERE DO WE GO?",Billie Eilish,Album,4.25,44,pop,pop,,"WHEN%20WE%20ALL%20FALL%20ASLEEP,%20WHERE%20DO%20WE%20GO?",Billie%20Eilish
397,398,1979,The Raincoats,The Raincoats,Album,,9,"punk , folk , alternative",punk ,"folk , alternative",The%20Raincoats,The%20Raincoats
398,399,2004,SMiLE,Brian Wilson,Album,4.4,8,rock,rock,,SMiLE,Brian%20Wilson
399,400,1981,Beauty and the Beat,The Go‐Go's,Album,3.0,11,"new wave , rock",new wave ,rock,Beauty%20and%20the%20Beat,The%20Go‐Go%27s
400,401,1976,Blondie,Blondie,Album,4.65,11,"new wave , punk",new wave ,punk,Blondie,Blondie
401,402,1975,Expensive Shit,Fela Ransome Kuti & Africa 70,Album,4.0,4,"funk , afrobeat",funk ,afrobeat,Expensive%20Shit,Fela%20Ransome%20Kuti%20%26%20Africa%2070
402,403,2000,Supreme Clientele,Ghostface Killah,Album,5.0,5,hip-hop,hip-hop,,Supreme%20Clientele,Ghostface%20Killah
403,404,1986,Rapture,Anita Baker,Album,4.0,6,"pop , soul , r&b",pop ,"soul , r&b",Rapture,Anita%20Baker
404,405,1972,"Nuggets: Original Artyfacts From the First Psychedelic Era, 1965–1968",Various Artists,Album + Compilation,,5,"rock , psychedelic",rock ,psychedelic,"Nuggets:%20Original%20Artyfacts%20From%20the%20First%20Psychedelic%20Era,%201965–1968",Various%20Artists
405,406,1999,69 Love Songs,The Magnetic Fields,Album,4.5,8,"indie , pop",indie ,pop,69%20Love%20Songs,The%20Magnetic%20Fields
406,407,1969,Everybody Knows This Is Nowhere,Neil Young with Crazy Horse,Album,4.7,19,folk,folk,,Everybody%20Knows%20This%20Is%20Nowhere,Neil%20Young%20with%20Crazy%20Horse
407,408,1980,Ace of Spades,Motörhead,Album,4.15,25,metal,metal,,Ace%20of%20Spades,Motörhead
408,409,1970,Workingman's Dead,Grateful Dead,Album,4.5,13,rock,rock,,Workingman%27s%20Dead,Grateful%20Dead
409,410,1967,Wild Honey,The Beach Boys,Album,4.0,4,rock,rock,,Wild%20Honey,The%20Beach%20Boys
410,411,2001,“Love and Theft”,Bob Dylan,Album,3.85,16,folk,folk,,“Love%20and%20Theft”,Bob%20Dylan
411,412,1965,Going to a Go‐Go,Smokey Robinson and The Miracles,Album,,5,soul,soul,,Going%20to%20a%20Go‐Go,Smokey%20Robinson%20and%20The%20Miracles
412,413,1970,Cosmo's Factory,Creedence Clearwater Revival,Album,4.6,25,"rock , blues",rock ,blues,Cosmo%27s%20Factory,Creedence%20Clearwater%20Revival
413,414,1979,Risqué,Chic,Album,5.0,6,disco,disco,,Risqué,Chic
414,415,1970,Look-Ka Py Py,The Meters,Album,4.0,5,funk,funk,,Look-Ka%20Py%20Py,The%20Meters
415,416,1999,Things Fall Apart,The Roots,Album,3.7,8,hip-hop,hip-hop,,Things%20Fall%20Apart,The%20Roots
416,417,1959,The Shape of Jazz to Come,Ornette Coleman,Album,4.2,17,jazz,jazz,,The%20Shape%20of%20Jazz%20to%20Come,Ornette%20Coleman
417,418,1985,Brothers in Arms,Dire Straits,Album,4.65,49,rock,rock,,Brothers%20in%20Arms,Dire%20Straits
418,419,2011,Chief,Eric Church,Album,,4,country,country,,Chief,Eric%20Church
419,420,1975,That's the Way of the World,"Earth, Wind & Fire",Album + Soundtrack,3.0,12,disco,disco,,That%27s%20the%20Way%20of%20the%20World,"Earth,%20Wind%20%26%20Fire"
420,421,2005,Arular,M.I.A.,Album,4.2,8,"hip-hop , electronic",hip-hop ,electronic,Arular,M%2eI%2eA%2e
421,422,1973,Let's Get It On,Marvin Gaye,Album,4.65,17,r&b,r&b,,Let%27s%20Get%20It%20On,Marvin%20Gaye
422,423,1997,I Can Hear the Heart Beating as One,Yo La Tengo,Album,4.5,6,"indie , rock",indie ,rock,I%20Can%20Hear%20the%20Heart%20Beating%20as%20One,Yo%20La%20Tengo
423,424,1996,Odelay,Beck,Album,4.1,27,"rock , alternative , folk",rock ,"alternative , folk",Odelay,Beck
424,425,1972,Paul Simon,Paul Simon,Album,,13,folk,folk,,Paul%20Simon,Paul%20Simon
425,426,1988,Lucinda Williams,Lucinda Williams,Album,4.65,8,country,country,,Lucinda%20Williams,Lucinda%20Williams
426,427,1973,Call Me,Al Green,Album,4.35,9,soul,soul,,Call%20Me,Al%20Green
427,428,1985,New Day Rising,Hüsker Dü,Album,4.35,4,"rock , alternative , punk",rock ,"alternative , punk",New%20Day%20Rising,Hüsker%20Dü
428,429,1967,Reach Out,Four Tops,Album,,5,"soul , r&b",soul ,r&b,Reach%20Out,Four%20Tops
429,430,1977,My Aim Is True,Elvis Costello,Album,3.4,20,"new wave, rock , pop",new wave,"rock , pop",My%20Aim%20Is%20True,Elvis%20Costello
430,431,1984,How Will the Wolf Survive?,Los Lobos,Album,3.0,6,"rock , blues",rock ,blues,How%20Will%20the%20Wolf%20Survive?,Los%20Lobos
431,432,2004,Confessions,Usher,Album,1.0,7,"pop , r&b",pop ,r&b,Confessions,Usher
432,433,2007,Sound of Silver,LCD Soundsystem,Album,3.9,7,"electronic , rock , dance",electronic ,"rock , dance",Sound%20of%20Silver,LCD%20Soundsystem
433,434,1994,"Crooked Rain, Crooked Rain",Pavement,Album,4.35,14,"rock , indie",rock ,indie,"Crooked%20Rain,%20Crooked%20Rain",Pavement
434,435,1987,Actually,Pet Shop Boys,Album,4.25,19,"pop , alternative",pop ,alternative,Actually,Pet%20Shop%20Boys
435,436,1996,All Eyez on Me,2Pac,Album,4.65,12,hip-hop,hip-hop,,All%20Eyez%20on%20Me,2Pac
436,437,1991,Screamadelica,Primal Scream,Album,3.0,15,"rock , alternative , dance",rock ,"alternative , dance",Screamadelica,Primal%20Scream
437,438,1994,Parklife,Blur,Album,3.9,19,"pop , rock , alternative",pop ,"rock , alternative",Parklife,Blur
438,439,1970,Sex Machine,James Brown,Album,4.35,6,funk,funk,,Sex%20Machine,James%20Brown
439,440,1970,Coal Miner's Daughter,Loretta Lynn,Album,,9,country,country,,Coal%20Miner%27s%20Daughter,Loretta%20Lynn
440,441,2007,Blackout,Britney Spears,Album,3.9,11,pop,pop,,Blackout,Britney%20Spears
441,442,2015,Beauty Behind the Madness,The Weeknd,Album,4.0,12,"r&b , pop",r&b ,pop,Beauty%20Behind%20the%20Madness,The%20Weeknd
442,443,1980,Scary Monsters… and Super Creeps,David Bowie,Album,3.6,19,rock,rock,,Scary%20Monsters…%20and%20Super%20Creeps,David%20Bowie
443,444,2005,Extraordinary Machine,Fiona Apple,Album,4.25,9,pop,pop,,Extraordinary%20Machine,Fiona%20Apple
444,445,1972,Close to the Edge,Yes,Album,4.7,36,"rock , progressive",rock ,progressive,Close%20to%20the%20Edge,Yes
445,446,1971,Journey in Satchidananda,Alice Coltrane,Album,4.15,6,jazz,jazz,,Journey%20in%20Satchidananda,Alice%20Coltrane
446,447,2018,X 100PRE,Bad Bunny,Album,3.0,1,"latin , pop",latin ,pop,X%20100PRE,Bad%20Bunny
447,448,1966,Complete & Unbelievable: The Otis Redding Dictionary of Soul,Otis Redding,Album,,10,"soul , blues",soul ,blues,Complete%20%26%20Unbelievable:%20The%20Otis%20Redding%20Dictionary%20of%20Soul,Otis%20Redding
448,449,2003,Elephant,The White Stripes,Album,4.1,15,rock,rock,,Elephant,The%20White%20Stripes
449,450,1971,Ram,Paul & Linda McCartney,Album,4.5,19,rock,rock,,Ram,Paul%20%26%20Linda%20McCartney
450,451,1969,First Take,Roberta Flack,Album,,10,"soul , jazz",soul ,jazz,First%20Take,Roberta%20Flack
451,452,1974,Anthology,Diana Ross & The Supremes,Album + Compilation,,1,"r&b , pop , soul",r&b ,"pop , soul",Anthology,Diana%20Ross%20%26%20The%20Supremes
452,453,1989,Pretty Hate Machine,Nine Inch Nails,Album,2.4,24,"rock , industrial",rock ,industrial,Pretty%20Hate%20Machine,Nine%20Inch%20Nails
453,454,1972,Ege Bamyasi,Can,Album,4.35,16,"electronic , rock , funk , experimental",electronic ,"rock , funk , experimental",Ege%20Bamyasi,Can
454,455,1986,Bo Diddley / Go Bo Diddley,Bo Diddley,Album + Compilation,5.0,3,blues,blues,,Bo%20Diddley%20%2f%20Go%20Bo%20Diddley,Bo%20Diddley
455,456,1975,Greatest Hits,Al Green,Album + Compilation,5.0,14,soul,soul,,Greatest%20Hits,Al%20Green
456,457,1990,I Do Not Want What I Haven't Got,Sinéad O'Connor,Album,4.7,15,"rock , folk",rock ,folk,I%20Do%20Not%20Want%20What%20I%20Haven%27t%20Got,Sinéad%20O%27Connor
457,458,2013,Southeastern,Jason Isbell,Album,4.5,4,country,country,,Southeastern,Jason%20Isbell
458,459,2009,Man on the Moon: The End of Day,Kid Cudi,Album,4.4,14,hip-hop,hip-hop,,Man%20on%20the%20Moon:%20The%20End%20of%20Day,Kid%20Cudi
459,460,2017,Melodrama,Lorde,Album,4.4,9,"pop , r&b",pop ,r&b,Melodrama,Lorde
460,461,2008,For Emma,Bon Iver,Single,,3,folk,folk,,For%20Emma,Bon%20Iver
461,462,1969,The Gilded Palace of Sin,The Flying Burrito Bros.,Album,4.0,6,"country, rock",country,rock,The%20Gilded%20Palace%20of%20Sin,The%20Flying%20Burrito%20Bros%2e
462,463,1968,Eli and the Thirteenth Confession,Laura Nyro,Album,,10,pop,pop,,Eli%20and%20the%20Thirteenth%20Confession,Laura%20Nyro
463,464,1973,3+3,The Isley Brothers,Album,4.0,8,"funk , soul , rock",funk ,"soul , rock",3+3,The%20Isley%20Brothers
464,465,2003,The Best of the Classic Years,King Sunny Adé,Album + Compilation,,1,"juju , african pop",juju ,african pop,The%20Best%20of%20the%20Classic%20Years,King%20Sunny%20Adé
465,466,1965,The Beach Boys Today!,The Beach Boys,Album,4.0,10,rock,rock,,The%20Beach%20Boys%20Today!,The%20Beach%20Boys
466,467,2009,BLACKsummers'night,Maxwell,Album,4.0,1,soul,soul,,BLACKsummers%27night,Maxwell
467,468,1978,Some Girls,The Rolling Stones,Album,3.35,32,rock,rock,,Some%20Girls,The%20Rolling%20Stones
468,469,1998,Clandestino,Manu Chao,Album,4.4,12,"rock , french",rock ,french,Clandestino,Manu%20Chao
469,470,1998,400 Degreez,Juvenile,Album,3.0,2,hip-hop,hip-hop,,400%20Degreez,Juvenile
470,471,1967,Surrealistic Pillow,Jefferson Airplane,Album,4.3,22,"rock , psychedellic",rock ,psychedellic,Surrealistic%20Pillow,Jefferson%20Airplane
471,472,2017,Ctrl,SZA,Album,,5,r&b,r&b,,Ctrl,SZA
472,473,2004,Barrio fino,Daddy Yankee,Album,3.5,3,"hip-hop , reggae",hip-hop ,reggae,Barrio%20fino,Daddy%20Yankee
473,474,1972,#1 Record,Big Star,Album,1.5,9,"rock , pop",rock ,pop,%231%20Record,Big%20Star
474,475,1996,Sheryl Crow,Sheryl Crow,Album,4.0,13,rock,rock,,Sheryl%20Crow,Sheryl%20Crow
475,476,1974,Kimono My House,Sparks,Album,4.35,5,rock,rock,,Kimono%20My%20House,Sparks
476,477,1959,Moanin' in the Moonlight,Howlin' Wolf,Album,5.0,8,blues,blues,,Moanin%27%20in%20the%20Moonlight,Howlin%27%20Wolf
477,478,1967,Something Else by The Kinks,The Kinks,Album,3.75,18,rock,rock,,Something%20Else%20by%20The%20Kinks,The%20Kinks
478,479,1994,Amor prohibido,Selena,Album,4.65,3,"latin , cumbia , dance",latin ,"cumbia , dance",Amor%20prohibido,Selena
479,480,2016,The Weight of These Wings,Miranda Lambert,Album,2.0,2,"country, rock",country,rock,The%20Weight%20of%20These%20Wings,Miranda%20Lambert
480,481,1996,If You're Feeling Sinister,Belle and Sebastian,Album,4.05,10,pop,pop,,If%20You%27re%20Feeling%20Sinister,Belle%20and%20Sebastian
481,482,1992,Bizarre Ride II the Pharcyde,The Pharcyde,Album,5.0,10,hip-hop,hip-hop,,Bizarre%20Ride%20II%20the%20Pharcyde,The%20Pharcyde
482,483,2001,The Anthology,Muddy Waters,Album + Compilation,2.0,1,blues,blues,,The%20Anthology,Muddy%20Waters
483,484,2011,Born This Way,Lady Gaga,Album,4.05,27,pop,pop,,Born%20This%20Way,Lady%20Gaga
484,485,1974,I Want to See the Bright Lights Tonight,Richard & Linda Thompson,Album,5.0,7,folk rock,folk rock,,I%20Want%20to%20See%20the%20Bright%20Lights%20Tonight,Richard%20%26%20Linda%20Thompson
485,486,2006,Continuum,John Mayer,Album,3.6,16,"rock , pop",rock ,pop,Continuum,John%20Mayer
486,487,1981,Damaged,Black Flag,Album,4.15,6,punk,punk,,Damaged,Black%20Flag
487,488,1969,The Stooges,The Stooges,Album,4.35,16,"rock , punk",rock ,punk,The%20Stooges,The%20Stooges
488,489,1991,Back to Mono (1958–1969),Phil Spector,Album + Compilation,,3,pop,pop,,Back%20to%20Mono%20(1958–1969),Phil%20Spector
489,490,1974,Heart Like a Wheel,Linda Ronstadt,Album,5.0,9,"rock , country",rock ,country,Heart%20Like%20a%20Wheel,Linda%20Ronstadt
490,491,2019,Fine Line,Harry Styles,Album,,7,pop,pop,,Fine%20Line,Harry%20Styles
491,492,1989,Nick of Time,Bonnie Raitt,Album,4.0,10,blues,blues,,Nick%20of%20Time,Bonnie%20Raitt
492,493,1978,"Here, My Dear",Marvin Gaye,Album,3.65,7,r&b,r&b,,"Here,%20My%20Dear",Marvin%20Gaye
493,494,1964,Presenting the Fabulous Ronettes Featuring Veronica,The Ronettes,Album,3.35,8,pop,pop,,Presenting%20the%20Fabulous%20Ronettes%20Featuring%20Veronica,The%20Ronettes
494,495,1994,II,Boyz II Men,Album,2.5,9,pop,pop,,II,Boyz%20II%20Men
495,496,1998,¿Dónde están los ladrones?,Shakira,Album,4.5,4,pop,pop,,¿Dónde%20están%20los%20ladrones?,Shakira
496,497,1985,The Indestructible Beat of Soweto,Various Artists,Album + Compilation,,3,"mbaqanga , south african",mbaqanga ,south african,The%20Indestructible%20Beat%20of%20Soweto,Various%20Artists
497,498,1977,Suicide,Suicide,Album,4.0,10,rock,rock,,Suicide,Suicide
498,499,1977,Ask Rufus,Rufus,Album,,2,r&b,r&b,,Ask%20Rufus,Rufus
499,500,2004,Funeral,Arcade Fire,Album,4.65,17,"rock , indie",rock ,indie,Funeral,Arcade%20Fire
